attack,defense,generation,hp,id,legendary,name,sp_atk,sp_def,speed,total,type_1,type_2
49,49,1,45,1,False,Bulbasaur,65,65,45,318,Grass,Poison
62,63,1,60,2,False,Ivysaur,80,80,60,405,Grass,Poison
82,83,1,80,3,False,Venusaur,100,100,80,525,Grass,Poison
100,123,1,80,3,False,VenusaurMega Venusaur,122,120,80,625,Grass,Poison
52,43,1,39,4,False,Charmander,60,50,65,309,Fire,
64,58,1,58,5,False,Charmeleon,80,65,80,405,Fire,
84,78,1,78,6,False,Charizard,109,85,100,534,Fire,Flying
130,111,1,78,6,False,CharizardMega Charizard X,130,85,100,634,Fire,Dragon
104,78,1,78,6,False,CharizardMega Charizard Y,159,115,100,634,Fire,Flying
48,65,1,44,7,False,Squirtle,50,64,43,314,Water,
63,80,1,59,8,False,Wartortle,65,80,58,405,Water,
83,100,1,79,9,False,Blastoise,85,105,78,530,Water,
103,120,1,79,9,False,BlastoiseMega Blastoise,135,115,78,630,Water,
30,35,1,45,10,False,Caterpie,20,20,45,195,Bug,
20,55,1,50,11,False,Metapod,25,25,30,205,Bug,
45,50,1,60,12,False,Butterfree,90,80,70,395,Bug,Flying
35,30,1,40,13,False,Weedle,20,20,50,195,Bug,Poison
25,50,1,45,14,False,Kakuna,25,25,35,205,Bug,Poison
90,40,1,65,15,False,Beedrill,45,80,75,395,Bug,Poison
150,40,1,65,15,False,BeedrillMega Beedrill,15,80,145,495,Bug,Poison
45,40,1,40,16,False,Pidgey,35,35,56,251,Normal,Flying
60,55,1,63,17,False,Pidgeotto,50,50,71,349,Normal,Flying
80,75,1,83,18,False,Pidgeot,70,70,101,479,Normal,Flying
80,80,1,83,18,False,PidgeotMega Pidgeot,135,80,121,579,Normal,Flying
56,35,1,30,19,False,Rattata,25,35,72,253,Normal,
81,60,1,55,20,False,Raticate,50,70,97,413,Normal,
60,30,1,40,21,False,Spearow,31,31,70,262,Normal,Flying
90,65,1,65,22,False,Fearow,61,61,100,442,Normal,Flying
60,44,1,35,23,False,Ekans,40,54,55,288,Poison,
85,69,1,60,24,False,Arbok,65,79,80,438,Poison,
55,40,1,35,25,False,Pikachu,50,50,90,320,Electric,
90,55,1,60,26,False,Raichu,90,80,110,485,Electric,
75,85,1,50,27,False,Sandshrew,20,30,40,300,Ground,
100,110,1,75,28,False,Sandslash,45,55,65,450,Ground,
47,52,1,55,29,False,Nidoran♀,40,40,41,275,Poison,
62,67,1,70,30,False,Nidorina,55,55,56,365,Poison,
92,87,1,90,31,False,Nidoqueen,75,85,76,505,Poison,Ground
57,40,1,46,32,False,Nidoran♂,40,40,50,273,Poison,
72,57,1,61,33,False,Nidorino,55,55,65,365,Poison,
102,77,1,81,34,False,Nidoking,85,75,85,505,Poison,Ground
45,48,1,70,35,False,Clefairy,60,65,35,323,Fairy,
70,73,1,95,36,False,Clefable,95,90,60,483,Fairy,
41,40,1,38,37,False,Vulpix,50,65,65,299,Fire,
76,75,1,73,38,False,Ninetales,81,100,100,505,Fire,
45,20,1,115,39,False,Jigglypuff,45,25,20,270,Normal,Fairy
70,45,1,140,40,False,Wigglytuff,85,50,45,435,Normal,Fairy
45,35,1,40,41,False,Zubat,30,40,55,245,Poison,Flying
80,70,1,75,42,False,Golbat,65,75,90,455,Poison,Flying
50,55,1,45,43,False,Oddish,75,65,30,320,Grass,Poison
65,70,1,60,44,False,Gloom,85,75,40,395,Grass,Poison
80,85,1,75,45,False,Vileplume,110,90,50,490,Grass,Poison
70,55,1,35,46,False,Paras,45,55,25,285,Bug,Grass
95,80,1,60,47,False,Parasect,60,80,30,405,Bug,Grass
55,50,1,60,48,False,Venonat,40,55,45,305,Bug,Poison
65,60,1,70,49,False,Venomoth,90,75,90,450,Bug,Poison
55,25,1,10,50,False,Diglett,35,45,95,265,Ground,
80,50,1,35,51,False,Dugtrio,50,70,120,405,Ground,
45,35,1,40,52,False,Meowth,40,40,90,290,Normal,
70,60,1,65,53,False,Persian,65,65,115,440,Normal,
52,48,1,50,54,False,Psyduck,65,50,55,320,Water,
82,78,1,80,55,False,Golduck,95,80,85,500,Water,
80,35,1,40,56,False,Mankey,35,45,70,305,Fighting,
105,60,1,65,57,False,Primeape,60,70,95,455,Fighting,
70,45,1,55,58,False,Growlithe,70,50,60,350,Fire,
110,80,1,90,59,False,Arcanine,100,80,95,555,Fire,
50,40,1,40,60,False,Poliwag,40,40,90,300,Water,
65,65,1,65,61,False,Poliwhirl,50,50,90,385,Water,
95,95,1,90,62,False,Poliwrath,70,90,70,510,Water,Fighting
20,15,1,25,63,False,Abra,105,55,90,310,Psychic,
35,30,1,40,64,False,Kadabra,120,70,105,400,Psychic,
50,45,1,55,65,False,Alakazam,135,95,120,500,Psychic,
50,65,1,55,65,False,AlakazamMega Alakazam,175,95,150,590,Psychic,
80,50,1,70,66,False,Machop,35,35,35,305,Fighting,
100,70,1,80,67,False,Machoke,50,60,45,405,Fighting,
130,80,1,90,68,False,Machamp,65,85,55,505,Fighting,
75,35,1,50,69,False,Bellsprout,70,30,40,300,Grass,Poison
90,50,1,65,70,False,Weepinbell,85,45,55,390,Grass,Poison
105,65,1,80,71,False,Victreebel,100,70,70,490,Grass,Poison
40,35,1,40,72,False,Tentacool,50,100,70,335,Water,Poison
70,65,1,80,73,False,Tentacruel,80,120,100,515,Water,Poison
80,100,1,40,74,False,Geodude,30,30,20,300,Rock,Ground
95,115,1,55,75,False,Graveler,45,45,35,390,Rock,Ground
120,130,1,80,76,False,Golem,55,65,45,495,Rock,Ground
85,55,1,50,77,False,Ponyta,65,65,90,410,Fire,
100,70,1,65,78,False,Rapidash,80,80,105,500,Fire,
65,65,1,90,79,False,Slowpoke,40,40,15,315,Water,Psychic
75,110,1,95,80,False,Slowbro,100,80,30,490,Water,Psychic
75,180,1,95,80,False,SlowbroMega Slowbro,130,80,30,590,Water,Psychic
35,70,1,25,81,False,Magnemite,95,55,45,325,Electric,Steel
60,95,1,50,82,False,Magneton,120,70,70,465,Electric,Steel
65,55,1,52,83,False,Farfetch'd,58,62,60,352,Normal,Flying
85,45,1,35,84,False,Doduo,35,35,75,310,Normal,Flying
110,70,1,60,85,False,Dodrio,60,60,100,460,Normal,Flying
45,55,1,65,86,False,Seel,45,70,45,325,Water,
70,80,1,90,87,False,Dewgong,70,95,70,475,Water,Ice
80,50,1,80,88,False,Grimer,40,50,25,325,Poison,
105,75,1,105,89,False,Muk,65,100,50,500,Poison,
65,100,1,30,90,False,Shellder,45,25,40,305,Water,
95,180,1,50,91,False,Cloyster,85,45,70,525,Water,Ice
35,30,1,30,92,False,Gastly,100,35,80,310,Ghost,Poison
50,45,1,45,93,False,Haunter,115,55,95,405,Ghost,Poison
65,60,1,60,94,False,Gengar,130,75,110,500,Ghost,Poison
65,80,1,60,94,False,GengarMega Gengar,170,95,130,600,Ghost,Poison
45,160,1,35,95,False,Onix,30,45,70,385,Rock,Ground
48,45,1,60,96,False,Drowzee,43,90,42,328,Psychic,
73,70,1,85,97,False,Hypno,73,115,67,483,Psychic,
105,90,1,30,98,False,Krabby,25,25,50,325,Water,
130,115,1,55,99,False,Kingler,50,50,75,475,Water,
30,50,1,40,100,False,Voltorb,55,55,100,330,Electric,
50,70,1,60,101,False,Electrode,80,80,140,480,Electric,
40,80,1,60,102,False,Exeggcute,60,45,40,325,Grass,Psychic
95,85,1,95,103,False,Exeggutor,125,65,55,520,Grass,Psychic
50,95,1,50,104,False,Cubone,40,50,35,320,Ground,
80,110,1,60,105,False,Marowak,50,80,45,425,Ground,
120,53,1,50,106,False,Hitmonlee,35,110,87,455,Fighting,
105,79,1,50,107,False,Hitmonchan,35,110,76,455,Fighting,
55,75,1,90,108,False,Lickitung,60,75,30,385,Normal,
65,95,1,40,109,False,Koffing,60,45,35,340,Poison,
90,120,1,65,110,False,Weezing,85,70,60,490,Poison,
85,95,1,80,111,False,Rhyhorn,30,30,25,345,Ground,Rock
130,120,1,105,112,False,Rhydon,45,45,40,485,Ground,Rock
5,5,1,250,113,False,Chansey,35,105,50,450,Normal,
55,115,1,65,114,False,Tangela,100,40,60,435,Grass,
95,80,1,105,115,False,Kangaskhan,40,80,90,490,Normal,
125,100,1,105,115,False,KangaskhanMega Kangaskhan,60,100,100,590,Normal,
40,70,1,30,116,False,Horsea,70,25,60,295,Water,
65,95,1,55,117,False,Seadra,95,45,85,440,Water,
67,60,1,45,118,False,Goldeen,35,50,63,320,Water,
92,65,1,80,119,False,Seaking,65,80,68,450,Water,
45,55,1,30,120,False,Staryu,70,55,85,340,Water,
75,85,1,60,121,False,Starmie,100,85,115,520,Water,Psychic
45,65,1,40,122,False,Mr. Mime,100,120,90,460,Psychic,Fairy
110,80,1,70,123,False,Scyther,55,80,105,500,Bug,Flying
50,35,1,65,124,False,Jynx,115,95,95,455,Ice,Psychic
83,57,1,65,125,False,Electabuzz,95,85,105,490,Electric,
95,57,1,65,126,False,Magmar,100,85,93,495,Fire,
125,100,1,65,127,False,Pinsir,55,70,85,500,Bug,
155,120,1,65,127,False,PinsirMega Pinsir,65,90,105,600,Bug,Flying
100,95,1,75,128,False,Tauros,40,70,110,490,Normal,
10,55,1,20,129,False,Magikarp,15,20,80,200,Water,
125,79,1,95,130,False,Gyarados,60,100,81,540,Water,Flying
155,109,1,95,130,False,GyaradosMega Gyarados,70,130,81,640,Water,Dark
85,80,1,130,131,False,Lapras,85,95,60,535,Water,Ice
48,48,1,48,132,False,Ditto,48,48,48,288,Normal,
55,50,1,55,133,False,Eevee,45,65,55,325,Normal,
65,60,1,130,134,False,Vaporeon,110,95,65,525,Water,
65,60,1,65,135,False,Jolteon,110,95,130,525,Electric,
130,60,1,65,136,False,Flareon,95,110,65,525,Fire,
60,70,1,65,137,False,Porygon,85,75,40,395,Normal,
40,100,1,35,138,False,Omanyte,90,55,35,355,Rock,Water
60,125,1,70,139,False,Omastar,115,70,55,495,Rock,Water
80,90,1,30,140,False,Kabuto,55,45,55,355,Rock,Water
115,105,1,60,141,False,Kabutops,65,70,80,495,Rock,Water
105,65,1,80,142,False,Aerodactyl,60,75,130,515,Rock,Flying
135,85,1,80,142,False,AerodactylMega Aerodactyl,70,95,150,615,Rock,Flying
110,65,1,160,143,False,Snorlax,65,110,30,540,Normal,
85,100,1,90,144,True,Articuno,95,125,85,580,Ice,Flying
90,85,1,90,145,True,Zapdos,125,90,100,580,Electric,Flying
100,90,1,90,146,True,Moltres,125,85,90,580,Fire,Flying
64,45,1,41,147,False,Dratini,50,50,50,300,Dragon,
84,65,1,61,148,False,Dragonair,70,70,70,420,Dragon,
134,95,1,91,149,False,Dragonite,100,100,80,600,Dragon,Flying
110,90,1,106,150,True,Mewtwo,154,90,130,680,Psychic,
190,100,1,106,150,True,MewtwoMega Mewtwo X,154,100,130,780,Psychic,Fighting
150,70,1,106,150,True,MewtwoMega Mewtwo Y,194,120,140,780,Psychic,
100,100,1,100,151,False,Mew,100,100,100,600,Psychic,
49,65,2,45,152,False,Chikorita,49,65,45,318,Grass,
62,80,2,60,153,False,Bayleef,63,80,60,405,Grass,
82,100,2,80,154,False,Meganium,83,100,80,525,Grass,
52,43,2,39,155,False,Cyndaquil,60,50,65,309,Fire,
64,58,2,58,156,False,Quilava,80,65,80,405,Fire,
84,78,2,78,157,False,Typhlosion,109,85,100,534,Fire,
65,64,2,50,158,False,Totodile,44,48,43,314,Water,
80,80,2,65,159,False,Croconaw,59,63,58,405,Water,
105,100,2,85,160,False,Feraligatr,79,83,78,530,Water,
46,34,2,35,161,False,Sentret,35,45,20,215,Normal,
76,64,2,85,162,False,Furret,45,55,90,415,Normal,
30,30,2,60,163,False,Hoothoot,36,56,50,262,Normal,Flying
50,50,2,100,164,False,Noctowl,76,96,70,442,Normal,Flying
20,30,2,40,165,False,Ledyba,40,80,55,265,Bug,Flying
35,50,2,55,166,False,Ledian,55,110,85,390,Bug,Flying
60,40,2,40,167,False,Spinarak,40,40,30,250,Bug,Poison
90,70,2,70,168,False,Ariados,60,60,40,390,Bug,Poison
90,80,2,85,169,False,Crobat,70,80,130,535,Poison,Flying
38,38,2,75,170,False,Chinchou,56,56,67,330,Water,Electric
58,58,2,125,171,False,Lanturn,76,76,67,460,Water,Electric
40,15,2,20,172,False,Pichu,35,35,60,205,Electric,
25,28,2,50,173,False,Cleffa,45,55,15,218,Fairy,
30,15,2,90,174,False,Igglybuff,40,20,15,210,Normal,Fairy
20,65,2,35,175,False,Togepi,40,65,20,245,Fairy,
40,85,2,55,176,False,Togetic,80,105,40,405,Fairy,Flying
50,45,2,40,177,False,Natu,70,45,70,320,Psychic,Flying
75,70,2,65,178,False,Xatu,95,70,95,470,Psychic,Flying
40,40,2,55,179,False,Mareep,65,45,35,280,Electric,
55,55,2,70,180,False,Flaaffy,80,60,45,365,Electric,
75,85,2,90,181,False,Ampharos,115,90,55,510,Electric,
95,105,2,90,181,False,AmpharosMega Ampharos,165,110,45,610,Electric,Dragon
80,95,2,75,182,False,Bellossom,90,100,50,490,Grass,
20,50,2,70,183,False,Marill,20,50,40,250,Water,Fairy
50,80,2,100,184,False,Azumarill,60,80,50,420,Water,Fairy
100,115,2,70,185,False,Sudowoodo,30,65,30,410,Rock,
75,75,2,90,186,False,Politoed,90,100,70,500,Water,
35,40,2,35,187,False,Hoppip,35,55,50,250,Grass,Flying
45,50,2,55,188,False,Skiploom,45,65,80,340,Grass,Flying
55,70,2,75,189,False,Jumpluff,55,95,110,460,Grass,Flying
70,55,2,55,190,False,Aipom,40,55,85,360,Normal,
30,30,2,30,191,False,Sunkern,30,30,30,180,Grass,
75,55,2,75,192,False,Sunflora,105,85,30,425,Grass,
65,45,2,65,193,False,Yanma,75,45,95,390,Bug,Flying
45,45,2,55,194,False,Wooper,25,25,15,210,Water,Ground
85,85,2,95,195,False,Quagsire,65,65,35,430,Water,Ground
65,60,2,65,196,False,Espeon,130,95,110,525,Psychic,
65,110,2,95,197,False,Umbreon,60,130,65,525,Dark,
85,42,2,60,198,False,Murkrow,85,42,91,405,Dark,Flying
75,80,2,95,199,False,Slowking,100,110,30,490,Water,Psychic
60,60,2,60,200,False,Misdreavus,85,85,85,435,Ghost,
72,48,2,48,201,False,Unown,72,48,48,336,Psychic,
33,58,2,190,202,False,Wobbuffet,33,58,33,405,Psychic,
80,65,2,70,203,False,Girafarig,90,65,85,455,Normal,Psychic
65,90,2,50,204,False,Pineco,35,35,15,290,Bug,
90,140,2,75,205,False,Forretress,60,60,40,465,Bug,Steel
70,70,2,100,206,False,Dunsparce,65,65,45,415,Normal,
75,105,2,65,207,False,Gligar,35,65,85,430,Ground,Flying
85,200,2,75,208,False,Steelix,55,65,30,510,Steel,Ground
125,230,2,75,208,False,SteelixMega Steelix,55,95,30,610,Steel,Ground
80,50,2,60,209,False,Snubbull,40,40,30,300,Fairy,
120,75,2,90,210,False,Granbull,60,60,45,450,Fairy,
95,75,2,65,211,False,Qwilfish,55,55,85,430,Water,Poison
130,100,2,70,212,False,Scizor,55,80,65,500,Bug,Steel
150,140,2,70,212,False,ScizorMega Scizor,65,100,75,600,Bug,Steel
10,230,2,20,213,False,Shuckle,10,230,5,505,Bug,Rock
125,75,2,80,214,False,Heracross,40,95,85,500,Bug,Fighting
185,115,2,80,214,False,HeracrossMega Heracross,40,105,75,600,Bug,Fighting
95,55,2,55,215,False,Sneasel,35,75,115,430,Dark,Ice
80,50,2,60,216,False,Teddiursa,50,50,40,330,Normal,
130,75,2,90,217,False,Ursaring,75,75,55,500,Normal,
40,40,2,40,218,False,Slugma,70,40,20,250,Fire,
50,120,2,50,219,False,Magcargo,80,80,30,410,Fire,Rock
50,40,2,50,220,False,Swinub,30,30,50,250,Ice,Ground
100,80,2,100,221,False,Piloswine,60,60,50,450,Ice,Ground
55,85,2,55,222,False,Corsola,65,85,35,380,Water,Rock
65,35,2,35,223,False,Remoraid,65,35,65,300,Water,
105,75,2,75,224,False,Octillery,105,75,45,480,Water,
55,45,2,45,225,False,Delibird,65,45,75,330,Ice,Flying
40,70,2,65,226,False,Mantine,80,140,70,465,Water,Flying
80,140,2,65,227,False,Skarmory,40,70,70,465,Steel,Flying
60,30,2,45,228,False,Houndour,80,50,65,330,Dark,Fire
90,50,2,75,229,False,Houndoom,110,80,95,500,Dark,Fire
90,90,2,75,229,False,HoundoomMega Houndoom,140,90,115,600,Dark,Fire
95,95,2,75,230,False,Kingdra,95,95,85,540,Water,Dragon
60,60,2,90,231,False,Phanpy,40,40,40,330,Ground,
120,120,2,90,232,False,Donphan,60,60,50,500,Ground,
80,90,2,85,233,False,Porygon2,105,95,60,515,Normal,
95,62,2,73,234,False,Stantler,85,65,85,465,Normal,
20,35,2,55,235,False,Smeargle,20,45,75,250,Normal,
35,35,2,35,236,False,Tyrogue,35,35,35,210,Fighting,
95,95,2,50,237,False,Hitmontop,35,110,70,455,Fighting,
30,15,2,45,238,False,Smoochum,85,65,65,305,Ice,Psychic
63,37,2,45,239,False,Elekid,65,55,95,360,Electric,
75,37,2,45,240,False,Magby,70,55,83,365,Fire,
80,105,2,95,241,False,Miltank,40,70,100,490,Normal,
10,10,2,255,242,False,Blissey,75,135,55,540,Normal,
85,75,2,90,243,True,Raikou,115,100,115,580,Electric,
115,85,2,115,244,True,Entei,90,75,100,580,Fire,
75,115,2,100,245,True,Suicune,90,115,85,580,Water,
64,50,2,50,246,False,Larvitar,45,50,41,300,Rock,Ground
84,70,2,70,247,False,Pupitar,65,70,51,410,Rock,Ground
134,110,2,100,248,False,Tyranitar,95,100,61,600,Rock,Dark
164,150,2,100,248,False,TyranitarMega Tyranitar,95,120,71,700,Rock,Dark
90,130,2,106,249,True,Lugia,90,154,110,680,Psychic,Flying
130,90,2,106,250,True,Ho-oh,110,154,90,680,Fire,Flying
100,100,2,100,251,False,Celebi,100,100,100,600,Psychic,Grass
45,35,3,40,252,False,Treecko,65,55,70,310,Grass,
65,45,3,50,253,False,Grovyle,85,65,95,405,Grass,
85,65,3,70,254,False,Sceptile,105,85,120,530,Grass,
110,75,3,70,254,False,SceptileMega Sceptile,145,85,145,630,Grass,Dragon
60,40,3,45,255,False,Torchic,70,50,45,310,Fire,
85,60,3,60,256,False,Combusken,85,60,55,405,Fire,Fighting
120,70,3,80,257,False,Blaziken,110,70,80,530,Fire,Fighting
160,80,3,80,257,False,BlazikenMega Blaziken,130,80,100,630,Fire,Fighting
70,50,3,50,258,False,Mudkip,50,50,40,310,Water,
85,70,3,70,259,False,Marshtomp,60,70,50,405,Water,Ground
110,90,3,100,260,False,Swampert,85,90,60,535,Water,Ground
150,110,3,100,260,False,SwampertMega Swampert,95,110,70,635,Water,Ground
55,35,3,35,261,False,Poochyena,30,30,35,220,Dark,
90,70,3,70,262,False,Mightyena,60,60,70,420,Dark,
30,41,3,38,263,False,Zigzagoon,30,41,60,240,Normal,
70,61,3,78,264,False,Linoone,50,61,100,420,Normal,
45,35,3,45,265,False,Wurmple,20,30,20,195,Bug,
35,55,3,50,266,False,Silcoon,25,25,15,205,Bug,
70,50,3,60,267,False,Beautifly,100,50,65,395,Bug,Flying
35,55,3,50,268,False,Cascoon,25,25,15,205,Bug,
50,70,3,60,269,False,Dustox,50,90,65,385,Bug,Poison
30,30,3,40,270,False,Lotad,40,50,30,220,Water,Grass
50,50,3,60,271,False,Lombre,60,70,50,340,Water,Grass
70,70,3,80,272,False,Ludicolo,90,100,70,480,Water,Grass
40,50,3,40,273,False,Seedot,30,30,30,220,Grass,
70,40,3,70,274,False,Nuzleaf,60,40,60,340,Grass,Dark
100,60,3,90,275,False,Shiftry,90,60,80,480,Grass,Dark
55,30,3,40,276,False,Taillow,30,30,85,270,Normal,Flying
85,60,3,60,277,False,Swellow,50,50,125,430,Normal,Flying
30,30,3,40,278,False,Wingull,55,30,85,270,Water,Flying
50,100,3,60,279,False,Pelipper,85,70,65,430,Water,Flying
25,25,3,28,280,False,Ralts,45,35,40,198,Psychic,Fairy
35,35,3,38,281,False,Kirlia,65,55,50,278,Psychic,Fairy
65,65,3,68,282,False,Gardevoir,125,115,80,518,Psychic,Fairy
85,65,3,68,282,False,GardevoirMega Gardevoir,165,135,100,618,Psychic,Fairy
30,32,3,40,283,False,Surskit,50,52,65,269,Bug,Water
60,62,3,70,284,False,Masquerain,80,82,60,414,Bug,Flying
40,60,3,60,285,False,Shroomish,40,60,35,295,Grass,
130,80,3,60,286,False,Breloom,60,60,70,460,Grass,Fighting
60,60,3,60,287,False,Slakoth,35,35,30,280,Normal,
80,80,3,80,288,False,Vigoroth,55,55,90,440,Normal,
160,100,3,150,289,False,Slaking,95,65,100,670,Normal,
45,90,3,31,290,False,Nincada,30,30,40,266,Bug,Ground
90,45,3,61,291,False,Ninjask,50,50,160,456,Bug,Flying
90,45,3,1,292,False,Shedinja,30,30,40,236,Bug,Ghost
51,23,3,64,293,False,Whismur,51,23,28,240,Normal,
71,43,3,84,294,False,Loudred,71,43,48,360,Normal,
91,63,3,104,295,False,Exploud,91,73,68,490,Normal,
60,30,3,72,296,False,Makuhita,20,30,25,237,Fighting,
120,60,3,144,297,False,Hariyama,40,60,50,474,Fighting,
20,40,3,50,298,False,Azurill,20,40,20,190,Normal,Fairy
45,135,3,30,299,False,Nosepass,45,90,30,375,Rock,
45,45,3,50,300,False,Skitty,35,35,50,260,Normal,
65,65,3,70,301,False,Delcatty,55,55,70,380,Normal,
75,75,3,50,302,False,Sableye,65,65,50,380,Dark,Ghost
85,125,3,50,302,False,SableyeMega Sableye,85,115,20,480,Dark,Ghost
85,85,3,50,303,False,Mawile,55,55,50,380,Steel,Fairy
105,125,3,50,303,False,MawileMega Mawile,55,95,50,480,Steel,Fairy
70,100,3,50,304,False,Aron,40,40,30,330,Steel,Rock
90,140,3,60,305,False,Lairon,50,50,40,430,Steel,Rock
110,180,3,70,306,False,Aggron,60,60,50,530,Steel,Rock
140,230,3,70,306,False,AggronMega Aggron,60,80,50,630,Steel,
40,55,3,30,307,False,Meditite,40,55,60,280,Fighting,Psychic
60,75,3,60,308,False,Medicham,60,75,80,410,Fighting,Psychic
100,85,3,60,308,False,MedichamMega Medicham,80,85,100,510,Fighting,Psychic
45,40,3,40,309,False,Electrike,65,40,65,295,Electric,
75,60,3,70,310,False,Manectric,105,60,105,475,Electric,
75,80,3,70,310,False,ManectricMega Manectric,135,80,135,575,Electric,
50,40,3,60,311,False,Plusle,85,75,95,405,Electric,
40,50,3,60,312,False,Minun,75,85,95,405,Electric,
73,55,3,65,313,False,Volbeat,47,75,85,400,Bug,
47,55,3,65,314,False,Illumise,73,75,85,400,Bug,
60,45,3,50,315,False,Roselia,100,80,65,400,Grass,Poison
43,53,3,70,316,False,Gulpin,43,53,40,302,Poison,
73,83,3,100,317,False,Swalot,73,83,55,467,Poison,
90,20,3,45,318,False,Carvanha,65,20,65,305,Water,Dark
120,40,3,70,319,False,Sharpedo,95,40,95,460,Water,Dark
140,70,3,70,319,False,SharpedoMega Sharpedo,110,65,105,560,Water,Dark
70,35,3,130,320,False,Wailmer,70,35,60,400,Water,
90,45,3,170,321,False,Wailord,90,45,60,500,Water,
60,40,3,60,322,False,Numel,65,45,35,305,Fire,Ground
100,70,3,70,323,False,Camerupt,105,75,40,460,Fire,Ground
120,100,3,70,323,False,CameruptMega Camerupt,145,105,20,560,Fire,Ground
85,140,3,70,324,False,Torkoal,85,70,20,470,Fire,
25,35,3,60,325,False,Spoink,70,80,60,330,Psychic,
45,65,3,80,326,False,Grumpig,90,110,80,470,Psychic,
60,60,3,60,327,False,Spinda,60,60,60,360,Normal,
100,45,3,45,328,False,Trapinch,45,45,10,290,Ground,
70,50,3,50,329,False,Vibrava,50,50,70,340,Ground,Dragon
100,80,3,80,330,False,Flygon,80,80,100,520,Ground,Dragon
85,40,3,50,331,False,Cacnea,85,40,35,335,Grass,
115,60,3,70,332,False,Cacturne,115,60,55,475,Grass,Dark
40,60,3,45,333,False,Swablu,40,75,50,310,Normal,Flying
70,90,3,75,334,False,Altaria,70,105,80,490,Dragon,Flying
110,110,3,75,334,False,AltariaMega Altaria,110,105,80,590,Dragon,Fairy
115,60,3,73,335,False,Zangoose,60,60,90,458,Normal,
100,60,3,73,336,False,Seviper,100,60,65,458,Poison,
55,65,3,70,337,False,Lunatone,95,85,70,440,Rock,Psychic
95,85,3,70,338,False,Solrock,55,65,70,440,Rock,Psychic
48,43,3,50,339,False,Barboach,46,41,60,288,Water,Ground
78,73,3,110,340,False,Whiscash,76,71,60,468,Water,Ground
80,65,3,43,341,False,Corphish,50,35,35,308,Water,
120,85,3,63,342,False,Crawdaunt,90,55,55,468,Water,Dark
40,55,3,40,343,False,Baltoy,40,70,55,300,Ground,Psychic
70,105,3,60,344,False,Claydol,70,120,75,500,Ground,Psychic
41,77,3,66,345,False,Lileep,61,87,23,355,Rock,Grass
81,97,3,86,346,False,Cradily,81,107,43,495,Rock,Grass
95,50,3,45,347,False,Anorith,40,50,75,355,Rock,Bug
125,100,3,75,348,False,Armaldo,70,80,45,495,Rock,Bug
15,20,3,20,349,False,Feebas,10,55,80,200,Water,
60,79,3,95,350,False,Milotic,100,125,81,540,Water,
70,70,3,70,351,False,Castform,70,70,70,420,Normal,
90,70,3,60,352,False,Kecleon,60,120,40,440,Normal,
75,35,3,44,353,False,Shuppet,63,33,45,295,Ghost,
115,65,3,64,354,False,Banette,83,63,65,455,Ghost,
165,75,3,64,354,False,BanetteMega Banette,93,83,75,555,Ghost,
40,90,3,20,355,False,Duskull,30,90,25,295,Ghost,
70,130,3,40,356,False,Dusclops,60,130,25,455,Ghost,
68,83,3,99,357,False,Tropius,72,87,51,460,Grass,Flying
50,70,3,65,358,False,Chimecho,95,80,65,425,Psychic,
130,60,3,65,359,False,Absol,75,60,75,465,Dark,
150,60,3,65,359,False,AbsolMega Absol,115,60,115,565,Dark,
23,48,3,95,360,False,Wynaut,23,48,23,260,Psychic,
50,50,3,50,361,False,Snorunt,50,50,50,300,Ice,
80,80,3,80,362,False,Glalie,80,80,80,480,Ice,
120,80,3,80,362,False,GlalieMega Glalie,120,80,100,580,Ice,
40,50,3,70,363,False,Spheal,55,50,25,290,Ice,Water
60,70,3,90,364,False,Sealeo,75,70,45,410,Ice,Water
80,90,3,110,365,False,Walrein,95,90,65,530,Ice,Water
64,85,3,35,366,False,Clamperl,74,55,32,345,Water,
104,105,3,55,367,False,Huntail,94,75,52,485,Water,
84,105,3,55,368,False,Gorebyss,114,75,52,485,Water,
90,130,3,100,369,False,Relicanth,45,65,55,485,Water,Rock
30,55,3,43,370,False,Luvdisc,40,65,97,330,Water,
75,60,3,45,371,False,Bagon,40,30,50,300,Dragon,
95,100,3,65,372,False,Shelgon,60,50,50,420,Dragon,
135,80,3,95,373,False,Salamence,110,80,100,600,Dragon,Flying
145,130,3,95,373,False,SalamenceMega Salamence,120,90,120,700,Dragon,Flying
55,80,3,40,374,False,Beldum,35,60,30,300,Steel,Psychic
75,100,3,60,375,False,Metang,55,80,50,420,Steel,Psychic
135,130,3,80,376,False,Metagross,95,90,70,600,Steel,Psychic
145,150,3,80,376,False,MetagrossMega Metagross,105,110,110,700,Steel,Psychic
100,200,3,80,377,True,Regirock,50,100,50,580,Rock,
50,100,3,80,378,True,Regice,100,200,50,580,Ice,
75,150,3,80,379,True,Registeel,75,150,50,580,Steel,
80,90,3,80,380,True,Latias,110,130,110,600,Dragon,Psychic
100,120,3,80,380,True,LatiasMega Latias,140,150,110,700,Dragon,Psychic
90,80,3,80,381,True,Latios,130,110,110,600,Dragon,Psychic
130,100,3,80,381,True,LatiosMega Latios,160,120,110,700,Dragon,Psychic
100,90,3,100,382,True,Kyogre,150,140,90,670,Water,
150,90,3,100,382,True,KyogrePrimal Kyogre,180,160,90,770,Water,
150,140,3,100,383,True,Groudon,100,90,90,670,Ground,
180,160,3,100,383,True,GroudonPrimal Groudon,150,90,90,770,Ground,Fire
150,90,3,105,384,True,Rayquaza,150,90,95,680,Dragon,Flying
180,100,3,105,384,True,RayquazaMega Rayquaza,180,100,115,780,Dragon,Flying
100,100,3,100,385,True,Jirachi,100,100,100,600,Steel,Psychic
150,50,3,50,386,True,DeoxysNormal Forme,150,50,150,600,Psychic,
180,20,3,50,386,True,DeoxysAttack Forme,180,20,150,600,Psychic,
70,160,3,50,386,True,DeoxysDefense Forme,70,160,90,600,Psychic,
95,90,3,50,386,True,DeoxysSpeed Forme,95,90,180,600,Psychic,
68,64,4,55,387,False,Turtwig,45,55,31,318,Grass,
89,85,4,75,388,False,Grotle,55,65,36,405,Grass,
109,105,4,95,389,False,Torterra,75,85,56,525,Grass,Ground
58,44,4,44,390,False,Chimchar,58,44,61,309,Fire,
78,52,4,64,391,False,Monferno,78,52,81,405,Fire,Fighting
104,71,4,76,392,False,Infernape,104,71,108,534,Fire,Fighting
51,53,4,53,393,False,Piplup,61,56,40,314,Water,
66,68,4,64,394,False,Prinplup,81,76,50,405,Water,
86,88,4,84,395,False,Empoleon,111,101,60,530,Water,Steel
55,30,4,40,396,False,Starly,30,30,60,245,Normal,Flying
75,50,4,55,397,False,Staravia,40,40,80,340,Normal,Flying
120,70,4,85,398,False,Staraptor,50,60,100,485,Normal,Flying
45,40,4,59,399,False,Bidoof,35,40,31,250,Normal,
85,60,4,79,400,False,Bibarel,55,60,71,410,Normal,Water
25,41,4,37,401,False,Kricketot,25,41,25,194,Bug,
85,51,4,77,402,False,Kricketune,55,51,65,384,Bug,
65,34,4,45,403,False,Shinx,40,34,45,263,Electric,
85,49,4,60,404,False,Luxio,60,49,60,363,Electric,
120,79,4,80,405,False,Luxray,95,79,70,523,Electric,
30,35,4,40,406,False,Budew,50,70,55,280,Grass,Poison
70,65,4,60,407,False,Roserade,125,105,90,515,Grass,Poison
125,40,4,67,408,False,Cranidos,30,30,58,350,Rock,
165,60,4,97,409,False,Rampardos,65,50,58,495,Rock,
42,118,4,30,410,False,Shieldon,42,88,30,350,Rock,Steel
52,168,4,60,411,False,Bastiodon,47,138,30,495,Rock,Steel
29,45,4,40,412,False,Burmy,29,45,36,224,Bug,
59,85,4,60,413,False,WormadamPlant Cloak,79,105,36,424,Bug,Grass
79,105,4,60,413,False,WormadamSandy Cloak,59,85,36,424,Bug,Ground
69,95,4,60,413,False,WormadamTrash Cloak,69,95,36,424,Bug,Steel
94,50,4,70,414,False,Mothim,94,50,66,424,Bug,Flying
30,42,4,30,415,False,Combee,30,42,70,244,Bug,Flying
80,102,4,70,416,False,Vespiquen,80,102,40,474,Bug,Flying
45,70,4,60,417,False,Pachirisu,45,90,95,405,Electric,
65,35,4,55,418,False,Buizel,60,30,85,330,Water,
105,55,4,85,419,False,Floatzel,85,50,115,495,Water,
35,45,4,45,420,False,Cherubi,62,53,35,275,Grass,
60,70,4,70,421,False,Cherrim,87,78,85,450,Grass,
48,48,4,76,422,False,Shellos,57,62,34,325,Water,
83,68,4,111,423,False,Gastrodon,92,82,39,475,Water,Ground
100,66,4,75,424,False,Ambipom,60,66,115,482,Normal,
50,34,4,90,425,False,Drifloon,60,44,70,348,Ghost,Flying
80,44,4,150,426,False,Drifblim,90,54,80,498,Ghost,Flying
66,44,4,55,427,False,Buneary,44,56,85,350,Normal,
76,84,4,65,428,False,Lopunny,54,96,105,480,Normal,
136,94,4,65,428,False,LopunnyMega Lopunny,54,96,135,580,Normal,Fighting
60,60,4,60,429,False,Mismagius,105,105,105,495,Ghost,
125,52,4,100,430,False,Honchkrow,105,52,71,505,Dark,Flying
55,42,4,49,431,False,Glameow,42,37,85,310,Normal,
82,64,4,71,432,False,Purugly,64,59,112,452,Normal,
30,50,4,45,433,False,Chingling,65,50,45,285,Psychic,
63,47,4,63,434,False,Stunky,41,41,74,329,Poison,Dark
93,67,4,103,435,False,Skuntank,71,61,84,479,Poison,Dark
24,86,4,57,436,False,Bronzor,24,86,23,300,Steel,Psychic
89,116,4,67,437,False,Bronzong,79,116,33,500,Steel,Psychic
80,95,4,50,438,False,Bonsly,10,45,10,290,Rock,
25,45,4,20,439,False,Mime Jr.,70,90,60,310,Psychic,Fairy
5,5,4,100,440,False,Happiny,15,65,30,220,Normal,
65,45,4,76,441,False,Chatot,92,42,91,411,Normal,Flying
92,108,4,50,442,False,Spiritomb,92,108,35,485,Ghost,Dark
70,45,4,58,443,False,Gible,40,45,42,300,Dragon,Ground
90,65,4,68,444,False,Gabite,50,55,82,410,Dragon,Ground
130,95,4,108,445,False,Garchomp,80,85,102,600,Dragon,Ground
170,115,4,108,445,False,GarchompMega Garchomp,120,95,92,700,Dragon,Ground
85,40,4,135,446,False,Munchlax,40,85,5,390,Normal,
70,40,4,40,447,False,Riolu,35,40,60,285,Fighting,
110,70,4,70,448,False,Lucario,115,70,90,525,Fighting,Steel
145,88,4,70,448,False,LucarioMega Lucario,140,70,112,625,Fighting,Steel
72,78,4,68,449,False,Hippopotas,38,42,32,330,Ground,
112,118,4,108,450,False,Hippowdon,68,72,47,525,Ground,
50,90,4,40,451,False,Skorupi,30,55,65,330,Poison,Bug
90,110,4,70,452,False,Drapion,60,75,95,500,Poison,Dark
61,40,4,48,453,False,Croagunk,61,40,50,300,Poison,Fighting
106,65,4,83,454,False,Toxicroak,86,65,85,490,Poison,Fighting
100,72,4,74,455,False,Carnivine,90,72,46,454,Grass,
49,56,4,49,456,False,Finneon,49,61,66,330,Water,
69,76,4,69,457,False,Lumineon,69,86,91,460,Water,
20,50,4,45,458,False,Mantyke,60,120,50,345,Water,Flying
62,50,4,60,459,False,Snover,62,60,40,334,Grass,Ice
92,75,4,90,460,False,Abomasnow,92,85,60,494,Grass,Ice
132,105,4,90,460,False,AbomasnowMega Abomasnow,132,105,30,594,Grass,Ice
120,65,4,70,461,False,Weavile,45,85,125,510,Dark,Ice
70,115,4,70,462,False,Magnezone,130,90,60,535,Electric,Steel
85,95,4,110,463,False,Lickilicky,80,95,50,515,Normal,
140,130,4,115,464,False,Rhyperior,55,55,40,535,Ground,Rock
100,125,4,100,465,False,Tangrowth,110,50,50,535,Grass,
123,67,4,75,466,False,Electivire,95,85,95,540,Electric,
95,67,4,75,467,False,Magmortar,125,95,83,540,Fire,
50,95,4,85,468,False,Togekiss,120,115,80,545,Fairy,Flying
76,86,4,86,469,False,Yanmega,116,56,95,515,Bug,Flying
110,130,4,65,470,False,Leafeon,60,65,95,525,Grass,
60,110,4,65,471,False,Glaceon,130,95,65,525,Ice,
95,125,4,75,472,False,Gliscor,45,75,95,510,Ground,Flying
130,80,4,110,473,False,Mamoswine,70,60,80,530,Ice,Ground
80,70,4,85,474,False,Porygon-Z,135,75,90,535,Normal,
125,65,4,68,475,False,Gallade,65,115,80,518,Psychic,Fighting
165,95,4,68,475,False,GalladeMega Gallade,65,115,110,618,Psychic,Fighting
55,145,4,60,476,False,Probopass,75,150,40,525,Rock,Steel
100,135,4,45,477,False,Dusknoir,65,135,45,525,Ghost,
80,70,4,70,478,False,Froslass,80,70,110,480,Ice,Ghost
50,77,4,50,479,False,Rotom,95,77,91,440,Electric,Ghost
65,107,4,50,479,False,RotomHeat Rotom,105,107,86,520,Electric,Fire
65,107,4,50,479,False,RotomWash Rotom,105,107,86,520,Electric,Water
65,107,4,50,479,False,RotomFrost Rotom,105,107,86,520,Electric,Ice
65,107,4,50,479,False,RotomFan Rotom,105,107,86,520,Electric,Flying
65,107,4,50,479,False,RotomMow Rotom,105,107,86,520,Electric,Grass
75,130,4,75,480,True,Uxie,75,130,95,580,Psychic,
105,105,4,80,481,True,Mesprit,105,105,80,580,Psychic,
125,70,4,75,482,True,Azelf,125,70,115,580,Psychic,
120,120,4,100,483,True,Dialga,150,100,90,680,Steel,Dragon
120,100,4,90,484,True,Palkia,150,120,100,680,Water,Dragon
90,106,4,91,485,True,Heatran,130,106,77,600,Fire,Steel
160,110,4,110,486,True,Regigigas,80,110,100,670,Normal,
100,120,4,150,487,True,GiratinaAltered Forme,100,120,90,680,Ghost,Dragon
120,100,4,150,487,True,GiratinaOrigin Forme,120,100,90,680,Ghost,Dragon
70,120,4,120,488,False,Cresselia,75,130,85,600,Psychic,
80,80,4,80,489,False,Phione,80,80,80,480,Water,
100,100,4,100,490,False,Manaphy,100,100,100,600,Water,
90,90,4,70,491,True,Darkrai,135,90,125,600,Dark,
100,100,4,100,492,True,ShayminLand Forme,100,100,100,600,Grass,
103,75,4,100,492,True,ShayminSky Forme,120,75,127,600,Grass,Flying
120,120,4,120,493,True,Arceus,120,120,120,720,Normal,
100,100,5,100,494,True,Victini,100,100,100,600,Psychic,Fire
45,55,5,45,495,False,Snivy,45,55,63,308,Grass,
60,75,5,60,496,False,Servine,60,75,83,413,Grass,
75,95,5,75,497,False,Serperior,75,95,113,528,Grass,
63,45,5,65,498,False,Tepig,45,45,45,308,Fire,
93,55,5,90,499,False,Pignite,70,55,55,418,Fire,Fighting
123,65,5,110,500,False,Emboar,100,65,65,528,Fire,Fighting
55,45,5,55,501,False,Oshawott,63,45,45,308,Water,
75,60,5,75,502,False,Dewott,83,60,60,413,Water,
100,85,5,95,503,False,Samurott,108,70,70,528,Water,
55,39,5,45,504,False,Patrat,35,39,42,255,Normal,
85,69,5,60,505,False,Watchog,60,69,77,420,Normal,
60,45,5,45,506,False,Lillipup,25,45,55,275,Normal,
80,65,5,65,507,False,Herdier,35,65,60,370,Normal,
110,90,5,85,508,False,Stoutland,45,90,80,500,Normal,
50,37,5,41,509,False,Purrloin,50,37,66,281,Dark,
88,50,5,64,510,False,Liepard,88,50,106,446,Dark,
53,48,5,50,511,False,Pansage,53,48,64,316,Grass,
98,63,5,75,512,False,Simisage,98,63,101,498,Grass,
53,48,5,50,513,False,Pansear,53,48,64,316,Fire,
98,63,5,75,514,False,Simisear,98,63,101,498,Fire,
53,48,5,50,515,False,Panpour,53,48,64,316,Water,
98,63,5,75,516,False,Simipour,98,63,101,498,Water,
25,45,5,76,517,False,Munna,67,55,24,292,Psychic,
55,85,5,116,518,False,Musharna,107,95,29,487,Psychic,
55,50,5,50,519,False,Pidove,36,30,43,264,Normal,Flying
77,62,5,62,520,False,Tranquill,50,42,65,358,Normal,Flying
115,80,5,80,521,False,Unfezant,65,55,93,488,Normal,Flying
60,32,5,45,522,False,Blitzle,50,32,76,295,Electric,
100,63,5,75,523,False,Zebstrika,80,63,116,497,Electric,
75,85,5,55,524,False,Roggenrola,25,25,15,280,Rock,
105,105,5,70,525,False,Boldore,50,40,20,390,Rock,
135,130,5,85,526,False,Gigalith,60,80,25,515,Rock,
45,43,5,55,527,False,Woobat,55,43,72,313,Psychic,Flying
57,55,5,67,528,False,Swoobat,77,55,114,425,Psychic,Flying
85,40,5,60,529,False,Drilbur,30,45,68,328,Ground,
135,60,5,110,530,False,Excadrill,50,65,88,508,Ground,Steel
60,86,5,103,531,False,Audino,60,86,50,445,Normal,
60,126,5,103,531,False,AudinoMega Audino,80,126,50,545,Normal,Fairy
80,55,5,75,532,False,Timburr,25,35,35,305,Fighting,
105,85,5,85,533,False,Gurdurr,40,50,40,405,Fighting,
140,95,5,105,534,False,Conkeldurr,55,65,45,505,Fighting,
50,40,5,50,535,False,Tympole,50,40,64,294,Water,
65,55,5,75,536,False,Palpitoad,65,55,69,384,Water,Ground
95,75,5,105,537,False,Seismitoad,85,75,74,509,Water,Ground
100,85,5,120,538,False,Throh,30,85,45,465,Fighting,
125,75,5,75,539,False,Sawk,30,75,85,465,Fighting,
53,70,5,45,540,False,Sewaddle,40,60,42,310,Bug,Grass
63,90,5,55,541,False,Swadloon,50,80,42,380,Bug,Grass
103,80,5,75,542,False,Leavanny,70,80,92,500,Bug,Grass
45,59,5,30,543,False,Venipede,30,39,57,260,Bug,Poison
55,99,5,40,544,False,Whirlipede,40,79,47,360,Bug,Poison
100,89,5,60,545,False,Scolipede,55,69,112,485,Bug,Poison
27,60,5,40,546,False,Cottonee,37,50,66,280,Grass,Fairy
67,85,5,60,547,False,Whimsicott,77,75,116,480,Grass,Fairy
35,50,5,45,548,False,Petilil,70,50,30,280,Grass,
60,75,5,70,549,False,Lilligant,110,75,90,480,Grass,
92,65,5,70,550,False,Basculin,80,55,98,460,Water,
72,35,5,50,551,False,Sandile,35,35,65,292,Ground,Dark
82,45,5,60,552,False,Krokorok,45,45,74,351,Ground,Dark
117,80,5,95,553,False,Krookodile,65,70,92,519,Ground,Dark
90,45,5,70,554,False,Darumaka,15,45,50,315,Fire,
140,55,5,105,555,False,DarmanitanStandard Mode,30,55,95,480,Fire,
30,105,5,105,555,False,DarmanitanZen Mode,140,105,55,540,Fire,Psychic
86,67,5,75,556,False,Maractus,106,67,60,461,Grass,
65,85,5,50,557,False,Dwebble,35,35,55,325,Bug,Rock
95,125,5,70,558,False,Crustle,65,75,45,475,Bug,Rock
75,70,5,50,559,False,Scraggy,35,70,48,348,Dark,Fighting
90,115,5,65,560,False,Scrafty,45,115,58,488,Dark,Fighting
58,80,5,72,561,False,Sigilyph,103,80,97,490,Psychic,Flying
30,85,5,38,562,False,Yamask,55,65,30,303,Ghost,
50,145,5,58,563,False,Cofagrigus,95,105,30,483,Ghost,
78,103,5,54,564,False,Tirtouga,53,45,22,355,Water,Rock
108,133,5,74,565,False,Carracosta,83,65,32,495,Water,Rock
112,45,5,55,566,False,Archen,74,45,70,401,Rock,Flying
140,65,5,75,567,False,Archeops,112,65,110,567,Rock,Flying
50,62,5,50,568,False,Trubbish,40,62,65,329,Poison,
95,82,5,80,569,False,Garbodor,60,82,75,474,Poison,
65,40,5,40,570,False,Zorua,80,40,65,330,Dark,
105,60,5,60,571,False,Zoroark,120,60,105,510,Dark,
50,40,5,55,572,False,Minccino,40,40,75,300,Normal,
95,60,5,75,573,False,Cinccino,65,60,115,470,Normal,
30,50,5,45,574,False,Gothita,55,65,45,290,Psychic,
45,70,5,60,575,False,Gothorita,75,85,55,390,Psychic,
55,95,5,70,576,False,Gothitelle,95,110,65,490,Psychic,
30,40,5,45,577,False,Solosis,105,50,20,290,Psychic,
40,50,5,65,578,False,Duosion,125,60,30,370,Psychic,
65,75,5,110,579,False,Reuniclus,125,85,30,490,Psychic,
44,50,5,62,580,False,Ducklett,44,50,55,305,Water,Flying
87,63,5,75,581,False,Swanna,87,63,98,473,Water,Flying
50,50,5,36,582,False,Vanillite,65,60,44,305,Ice,
65,65,5,51,583,False,Vanillish,80,75,59,395,Ice,
95,85,5,71,584,False,Vanilluxe,110,95,79,535,Ice,
60,50,5,60,585,False,Deerling,40,50,75,335,Normal,Grass
100,70,5,80,586,False,Sawsbuck,60,70,95,475,Normal,Grass
75,60,5,55,587,False,Emolga,75,60,103,428,Electric,Flying
75,45,5,50,588,False,Karrablast,40,45,60,315,Bug,
135,105,5,70,589,False,Escavalier,60,105,20,495,Bug,Steel
55,45,5,69,590,False,Foongus,55,55,15,294,Grass,Poison
85,70,5,114,591,False,Amoonguss,85,80,30,464,Grass,Poison
40,50,5,55,592,False,Frillish,65,85,40,335,Water,Ghost
60,70,5,100,593,False,Jellicent,85,105,60,480,Water,Ghost
75,80,5,165,594,False,Alomomola,40,45,65,470,Water,
47,50,5,50,595,False,Joltik,57,50,65,319,Bug,Electric
77,60,5,70,596,False,Galvantula,97,60,108,472,Bug,Electric
50,91,5,44,597,False,Ferroseed,24,86,10,305,Grass,Steel
94,131,5,74,598,False,Ferrothorn,54,116,20,489,Grass,Steel
55,70,5,40,599,False,Klink,45,60,30,300,Steel,
80,95,5,60,600,False,Klang,70,85,50,440,Steel,
100,115,5,60,601,False,Klinklang,70,85,90,520,Steel,
55,40,5,35,602,False,Tynamo,45,40,60,275,Electric,
85,70,5,65,603,False,Eelektrik,75,70,40,405,Electric,
115,80,5,85,604,False,Eelektross,105,80,50,515,Electric,
55,55,5,55,605,False,Elgyem,85,55,30,335,Psychic,
75,75,5,75,606,False,Beheeyem,125,95,40,485,Psychic,
30,55,5,50,607,False,Litwick,65,55,20,275,Ghost,Fire
40,60,5,60,608,False,Lampent,95,60,55,370,Ghost,Fire
55,90,5,60,609,False,Chandelure,145,90,80,520,Ghost,Fire
87,60,5,46,610,False,Axew,30,40,57,320,Dragon,
117,70,5,66,611,False,Fraxure,40,50,67,410,Dragon,
147,90,5,76,612,False,Haxorus,60,70,97,540,Dragon,
70,40,5,55,613,False,Cubchoo,60,40,40,305,Ice,
110,80,5,95,614,False,Beartic,70,80,50,485,Ice,
50,30,5,70,615,False,Cryogonal,95,135,105,485,Ice,
40,85,5,50,616,False,Shelmet,40,65,25,305,Bug,
70,40,5,80,617,False,Accelgor,100,60,145,495,Bug,
66,84,5,109,618,False,Stunfisk,81,99,32,471,Ground,Electric
85,50,5,45,619,False,Mienfoo,55,50,65,350,Fighting,
125,60,5,65,620,False,Mienshao,95,60,105,510,Fighting,
120,90,5,77,621,False,Druddigon,60,90,48,485,Dragon,
74,50,5,59,622,False,Golett,35,50,35,303,Ground,Ghost
124,80,5,89,623,False,Golurk,55,80,55,483,Ground,Ghost
85,70,5,45,624,False,Pawniard,40,40,60,340,Dark,Steel
125,100,5,65,625,False,Bisharp,60,70,70,490,Dark,Steel
110,95,5,95,626,False,Bouffalant,40,95,55,490,Normal,
83,50,5,70,627,False,Rufflet,37,50,60,350,Normal,Flying
123,75,5,100,628,False,Braviary,57,75,80,510,Normal,Flying
55,75,5,70,629,False,Vullaby,45,65,60,370,Dark,Flying
65,105,5,110,630,False,Mandibuzz,55,95,80,510,Dark,Flying
97,66,5,85,631,False,Heatmor,105,66,65,484,Fire,
109,112,5,58,632,False,Durant,48,48,109,484,Bug,Steel
65,50,5,52,633,False,Deino,45,50,38,300,Dark,Dragon
85,70,5,72,634,False,Zweilous,65,70,58,420,Dark,Dragon
105,90,5,92,635,False,Hydreigon,125,90,98,600,Dark,Dragon
85,55,5,55,636,False,Larvesta,50,55,60,360,Bug,Fire
60,65,5,85,637,False,Volcarona,135,105,100,550,Bug,Fire
90,129,5,91,638,True,Cobalion,90,72,108,580,Steel,Fighting
129,90,5,91,639,True,Terrakion,72,90,108,580,Rock,Fighting
90,72,5,91,640,True,Virizion,90,129,108,580,Grass,Fighting
115,70,5,79,641,True,TornadusIncarnate Forme,125,80,111,580,Flying,
100,80,5,79,641,True,TornadusTherian Forme,110,90,121,580,Flying,
115,70,5,79,642,True,ThundurusIncarnate Forme,125,80,111,580,Electric,Flying
105,70,5,79,642,True,ThundurusTherian Forme,145,80,101,580,Electric,Flying
120,100,5,100,643,True,Reshiram,150,120,90,680,Dragon,Fire
150,120,5,100,644,True,Zekrom,120,100,90,680,Dragon,Electric
125,90,5,89,645,True,LandorusIncarnate Forme,115,80,101,600,Ground,Flying
145,90,5,89,645,True,LandorusTherian Forme,105,80,91,600,Ground,Flying
130,90,5,125,646,True,Kyurem,130,90,95,660,Dragon,Ice
170,100,5,125,646,True,KyuremBlack Kyurem,120,90,95,700,Dragon,Ice
120,90,5,125,646,True,KyuremWhite Kyurem,170,100,95,700,Dragon,Ice
72,90,5,91,647,False,KeldeoOrdinary Forme,129,90,108,580,Water,Fighting
72,90,5,91,647,False,KeldeoResolute Forme,129,90,108,580,Water,Fighting
77,77,5,100,648,False,MeloettaAria Forme,128,128,90,600,Normal,Psychic
128,90,5,100,648,False,MeloettaPirouette Forme,77,77,128,600,Normal,Fighting
120,95,5,71,649,False,Genesect,120,95,99,600,Bug,Steel
61,65,6,56,650,False,Chespin,48,45,38,313,Grass,
78,95,6,61,651,False,Quilladin,56,58,57,405,Grass,
107,122,6,88,652,False,Chesnaught,74,75,64,530,Grass,Fighting
45,40,6,40,653,False,Fennekin,62,60,60,307,Fire,
59,58,6,59,654,False,Braixen,90,70,73,409,Fire,
69,72,6,75,655,False,Delphox,114,100,104,534,Fire,Psychic
56,40,6,41,656,False,Froakie,62,44,71,314,Water,
63,52,6,54,657,False,Frogadier,83,56,97,405,Water,
95,67,6,72,658,False,Greninja,103,71,122,530,Water,Dark
36,38,6,38,659,False,Bunnelby,32,36,57,237,Normal,
56,77,6,85,660,False,Diggersby,50,77,78,423,Normal,Ground
50,43,6,45,661,False,Fletchling,40,38,62,278,Normal,Flying
73,55,6,62,662,False,Fletchinder,56,52,84,382,Fire,Flying
81,71,6,78,663,False,Talonflame,74,69,126,499,Fire,Flying
35,40,6,38,664,False,Scatterbug,27,25,35,200,Bug,
22,60,6,45,665,False,Spewpa,27,30,29,213,Bug,
52,50,6,80,666,False,Vivillon,90,50,89,411,Bug,Flying
50,58,6,62,667,False,Litleo,73,54,72,369,Fire,Normal
68,72,6,86,668,False,Pyroar,109,66,106,507,Fire,Normal
38,39,6,44,669,False,Flabébé,61,79,42,303,Fairy,
45,47,6,54,670,False,Floette,75,98,52,371,Fairy,
65,68,6,78,671,False,Florges,112,154,75,552,Fairy,
65,48,6,66,672,False,Skiddo,62,57,52,350,Grass,
100,62,6,123,673,False,Gogoat,97,81,68,531,Grass,
82,62,6,67,674,False,Pancham,46,48,43,348,Fighting,
124,78,6,95,675,False,Pangoro,69,71,58,495,Fighting,Dark
80,60,6,75,676,False,Furfrou,65,90,102,472,Normal,
48,54,6,62,677,False,Espurr,63,60,68,355,Psychic,
48,76,6,74,678,False,MeowsticMale,83,81,104,466,Psychic,
48,76,6,74,678,False,MeowsticFemale,83,81,104,466,Psychic,
80,100,6,45,679,False,Honedge,35,37,28,325,Steel,Ghost
110,150,6,59,680,False,Doublade,45,49,35,448,Steel,Ghost
150,50,6,60,681,False,AegislashBlade Forme,150,50,60,520,Steel,Ghost
50,150,6,60,681,False,AegislashShield Forme,50,150,60,520,Steel,Ghost
52,60,6,78,682,False,Spritzee,63,65,23,341,Fairy,
72,72,6,101,683,False,Aromatisse,99,89,29,462,Fairy,
48,66,6,62,684,False,Swirlix,59,57,49,341,Fairy,
80,86,6,82,685,False,Slurpuff,85,75,72,480,Fairy,
54,53,6,53,686,False,Inkay,37,46,45,288,Dark,Psychic
92,88,6,86,687,False,Malamar,68,75,73,482,Dark,Psychic
52,67,6,42,688,False,Binacle,39,56,50,306,Rock,Water
105,115,6,72,689,False,Barbaracle,54,86,68,500,Rock,Water
60,60,6,50,690,False,Skrelp,60,60,30,320,Poison,Water
75,90,6,65,691,False,Dragalge,97,123,44,494,Poison,Dragon
53,62,6,50,692,False,Clauncher,58,63,44,330,Water,
73,88,6,71,693,False,Clawitzer,120,89,59,500,Water,
38,33,6,44,694,False,Helioptile,61,43,70,289,Electric,Normal
55,52,6,62,695,False,Heliolisk,109,94,109,481,Electric,Normal
89,77,6,58,696,False,Tyrunt,45,45,48,362,Rock,Dragon
121,119,6,82,697,False,Tyrantrum,69,59,71,521,Rock,Dragon
59,50,6,77,698,False,Amaura,67,63,46,362,Rock,Ice
77,72,6,123,699,False,Aurorus,99,92,58,521,Rock,Ice
65,65,6,95,700,False,Sylveon,110,130,60,525,Fairy,
92,75,6,78,701,False,Hawlucha,74,63,118,500,Fighting,Flying
58,57,6,67,702,False,Dedenne,81,67,101,431,Electric,Fairy
50,150,6,50,703,False,Carbink,50,150,50,500,Rock,Fairy
50,35,6,45,704,False,Goomy,55,75,40,300,Dragon,
75,53,6,68,705,False,Sliggoo,83,113,60,452,Dragon,
100,70,6,90,706,False,Goodra,110,150,80,600,Dragon,
80,91,6,57,707,False,Klefki,80,87,75,470,Steel,Fairy
70,48,6,43,708,False,Phantump,50,60,38,309,Ghost,Grass
110,76,6,85,709,False,Trevenant,65,82,56,474,Ghost,Grass
66,70,6,49,710,False,PumpkabooAverage Size,44,55,51,335,Ghost,Grass
66,70,6,44,710,False,PumpkabooSmall Size,44,55,56,335,Ghost,Grass
66,70,6,54,710,False,PumpkabooLarge Size,44,55,46,335,Ghost,Grass
66,70,6,59,710,False,PumpkabooSuper Size,44,55,41,335,Ghost,Grass
90,122,6,65,711,False,GourgeistAverage Size,58,75,84,494,Ghost,Grass
85,122,6,55,711,False,GourgeistSmall Size,58,75,99,494,Ghost,Grass
95,122,6,75,711,False,GourgeistLarge Size,58,75,69,494,Ghost,Grass
100,122,6,85,711,False,GourgeistSuper Size,58,75,54,494,Ghost,Grass
69,85,6,55,712,False,Bergmite,32,35,28,304,Ice,
117,184,6,95,713,False,Avalugg,44,46,28,514,Ice,
30,35,6,40,714,False,Noibat,45,40,55,245,Flying,Dragon
70,80,6,85,715,False,Noivern,97,80,123,535,Flying,Dragon
131,95,6,126,716,True,Xerneas,131,98,99,680,Fairy,
131,95,6,126,717,True,Yveltal,131,98,99,680,Dark,Flying
100,121,6,108,718,True,Zygarde50% Forme,81,95,95,600,Dragon,Ground
100,150,6,50,719,True,Diancie,100,150,50,600,Rock,Fairy
160,110,6,50,719,True,DiancieMega Diancie,160,110,110,700,Rock,Fairy
110,60,6,80,720,True,HoopaHoopa Confined,150,130,70,600,Psychic,Ghost
160,60,6,80,720,True,HoopaHoopa Unbound,170,130,80,680,Psychic,Dark
110,120,6,80,721,True,Volcanion,130,90,70,600,Fire,Water
